,CPU Prob,Memory Prob,Net Quality Prob,Net I/O Prob,Disk I/O Prob
0,0.8979315805100124,0.7951070336391441,0.0,1.0,0.6481531410083583
1,0.9774354237455877,0.9357798165137612,0.0,1.0,0.3523321650040443
2,0.9779550028040777,0.9266055045871555,0.0,1.0,0.35804799137233767
3,0.9703345099462276,0.9174311926605503,0.0,1.0,0.39299002426530083
4,0.9845363375449477,0.9357798165137612,0.0,1.0,0.3655971960097062
5,0.9843631445254509,0.9449541284403669,0.0,1.0,0.40118630358587226
6,0.9868125886583313,0.9541284403669716,0.0,1.0,0.36344028039902954
7,0.9830023422294066,0.9449541284403669,0.0,1.0,0.43354003774602323
8,0.9701365750668028,0.9174311926605503,0.0,1.0,0.41089242383391755
9,0.9782519051232145,0.9174311926605503,0.0,1.0,0.3860878943111352
10,0.9667221983967275,0.8990825688073394,0.0,1.0,0.41304933944459443
11,0.9830765678091907,0.9449541284403669,0.0,1.0,0.33108654623887845
12,0.9791426120806256,0.9357798165137612,0.0,1.0,0.3461849555136156
13,0.9738725959159437,0.9266055045871555,0.0,1.0,0.4281477487193316
14,0.9797611585788274,0.9357798165137612,0.0,1.0,0.43677541116203855
15,0.9592006729785901,0.8990825688073394,0.0,1.0,0.36451873820436775
16,0.9664005542176625,0.8990825688073394,0.0,1.0,0.3828525208951201
17,0.9855507538019991,0.9449541284403669,0.0,1.0,0.3461849555136156
18,0.9891135816316431,0.9633027522935778,0.0,1.0,0.3731464006470748
19,0.9891878072114274,0.9266055045871555,0.0,1.0,0.40765705041790257
20,0.9798848678784681,0.9449541284403669,0.0,1.0,0.3828525208951201
21,0.9690974169498235,0.9082568807339446,0.0,1.0,0.4259908331086547
22,0.9933691815392734,0.9724770642201839,0.0,1.0,0.3256942572121867
23,0.9896826444099892,0.9541284403669716,0.0,1.0,0.3957940145591806
24,0.9762972981888957,0.9357798165137612,0.0,1.0,0.3548126179563226
25,0.9788209679015606,0.9266055045871555,0.0,1.0,0.3566459962253977
26,0.9831013096691189,0.9449541284403669,0.0,1.0,0.3785386896737666
27,0.9773611981658034,0.9357798165137612,0.0,1.0,0.3914801833378271
28,0.9959670768317223,0.9816513761467887,0.0,1.0,0.3753033162577515
29,0.9999999999999999,0.9908256880733943,0.0,1.0,0.3526557023456459
30,0.5418879688582455,0.9908256880733943,0.0,1.0,0.3019681854947427
31,0.9686520634711181,0.9174311926605503,0.0,1.0,0.3790779185764359
32,0.9601656055157851,0.8990825688073394,0.0,1.0,0.37746023186842825
33,0.9804044469369576,0.9357798165137612,0.0,1.0,0.44432461579940696
34,0.9794889981196188,0.9449541284403669,0.0,1.0,0.41412779724993276
35,0.9722148913007619,0.9174311926605503,0.0,1.0,0.36344028039902954
36,0.9718190215419126,0.9082568807339446,0.0,1.0,0.39363709894850374
37,0.9656335565598918,0.9082568807339446,0.0,1.0,0.4025882987328122
38,0.97572823541055,0.9174311926605503,0.0,1.0,0.38069560528444324
39,0.9894599676706363,0.9541284403669716,0.0,1.0,0.34834187112429227
40,0.9782024214033581,0.9449541284403669,0.0,1.0,0.41002965758964693
41,0.9817405073730744,0.9266055045871555,0.0,1.0,0.41304933944459443
42,0.9641078085309934,0.8899082568807337,0.0,1.0,0.3850094365057968
43,0.9806271236763106,0.9357798165137612,0.0,1.0,0.3256942572121867
44,0.9719427308415532,0.9357798165137612,0.0,1.0,0.38069560528444324
45,0.9826559561904132,0.9449541284403669,0.0,1.0,0.3019681854947427
46,0.986614653778907,0.9449541284403669,0.0,1.0,0.38177406308978157
47,0.9886929700128658,0.9541284403669716,0.0,1.0,0.39040172553248875
48,0.9821858608517798,0.9541284403669716,0.0,1.0,0.4087355082232409
49,0.9856249793817834,0.9449541284403669,0.0,1.0,0.32785117282286336
50,0.9862435258799856,0.9633027522935778,0.0,1.0,0.2933405230520356
51,0.9879754560749515,0.9633027522935778,0.0,1.0,0.3688325694257213
52,0.9790189027809849,0.9541284403669716,0.0,1.0,0.43785386896737677
53,0.9664995216573747,0.9082568807339446,0.0,1.0,0.37368562954974394
54,0.9841404677860984,0.9449541284403669,0.0,1.0,0.3979509301698573
55,0.9725365354798269,0.9266055045871555,0.0,1.0,0.3925586411431654
56,0.9834971794279682,0.9357798165137612,0.0,1.0,0.37746023186842825
57,0.9846847887045161,0.9541284403669716,0.0,1.0,0.3828525208951201
58,0.9686520634711179,0.8899082568807337,0.0,1.0,0.34402803990293884
59,0.9636789496255732,0.9174311926605503,0.0,1.0,0.4098139660285792
60,0.9744416586942896,0.9082568807339446,0.0,1.0,0.4022647613912106
61,0.9800828027578926,0.9449541284403669,0.0,1.0,0.37746023186842825
62,0.9851301421832218,0.9541284403669716,0.0,1.0,0.3763817740630899
63,0.992280539702438,0.9724770642201839,0.0,1.0,0.42059854408196296
64,0.980775574835879,0.9266055045871555,0.0,1.0,0.4216770018873013
65,0.9741942400950089,0.9082568807339446,0.0,1.0,0.4313831221353466
66,0.9779550028040772,0.9357798165137612,0.0,1.0,0.4281477487193316
67,0.9822353445716357,0.9449541284403669,0.0,1.0,0.3666756538150445
68,0.9811467027348003,0.9449541284403669,0.0,1.0,0.4152062550552711
69,0.982532246890773,0.9449541284403669,0.0,1.0,0.4497169048260987
70,0.9817899910929305,0.9541284403669716,0.0,1.0,0.37799946077109736
71,0.9849074654438689,0.9541284403669716,0.0,1.0,0.35696953356699934
72,0.9937650512981228,0.9724770642201839,0.0,1.0,0.38393097870045845
73,0.5481888958532642,1.0,0.0,1.0,0.3397142086815854
74,0.9878022630554549,0.9724770642201839,0.0,1.0,0.3588029118360745
75,0.9831013096691187,0.9633027522935778,0.0,1.0,0.3459692639525479
76,0.9803797050770297,0.9357798165137612,0.0,1.0,0.38069560528444324
77,0.9658562332992443,0.9082568807339446,0.0,1.0,0.4259908331086547
78,0.9713489262032792,0.9357798165137612,0.0,1.0,0.3925586411431654
79,0.9889651304720749,0.9633027522935778,0.0,1.0,0.335400377460232
80,0.9816167980734335,0.9449541284403669,0.0,1.0,0.4087355082232409
81,0.9790436446409129,0.9449541284403669,0.0,1.0,0.40118630358587226
82,0.974268465674793,0.9266055045871555,0.0,1.0,0.41304933944459443
83,0.976668426087817,0.9357798165137612,0.0,1.0,0.3925586411431654
84,0.9838683073268893,0.9449541284403669,0.0,1.0,0.38177406308978157
85,0.9907465443868969,0.9633027522935778,0.0,1.0,0.32461579940684826
86,0.984981691023653,0.9633027522935778,0.0,1.0,0.3758425451604207
87,0.9820374096922112,0.9449541284403669,0.0,1.0,0.33755729307090876
88,0.9786725167419922,0.9357798165137612,0.0,1.0,0.4055001348072259
89,0.9810229934351599,0.9449541284403669,0.0,1.0,0.3084389323267728
90,0.9866393956388345,0.9541284403669716,0.0,1.0,0.3919115664599625
91,0.9905486095074721,0.9633027522935778,0.0,1.0,0.3785386896737666
92,0.9884702932735133,0.9449541284403669,0.0,1.0,0.4098139660285792
93,0.9764210074885361,0.9449541284403669,0.0,1.0,0.33097870045834465
94,0.9845363375449475,0.9449541284403669,0.0,1.0,0.3979509301698573
95,0.5266139939959753,0.9724770642201839,0.0,1.0,0.3968724723645187
96,0.9908207699666806,0.9724770642201839,0.0,1.0,0.32461579940684826
97,0.9894104839507801,0.9724770642201839,0.0,1.0,0.2728498247506067
98,0.99406195361726,0.9724770642201839,0.0,1.0,0.36775411162038296
99,0.9782271632632863,0.9357798165137612,0.0,1.0,0.4518738204367754
100,0.9803549632171017,0.9541284403669716,0.0,1.0,0.3850094365057968
101,0.9860950747204168,0.9633027522935778,0.0,1.0,0.37098948503639806
102,0.9903754164879758,0.9633027522935778,0.0,1.0,0.3386357508762471
103,0.9785982911622076,0.9357798165137612,0.0,1.0,0.4067942841736317
104,0.9809735097153037,0.9174311926605503,0.0,1.0,0.3796171474791049
105,0.9811467027348003,0.9541284403669716,0.0,1.0,0.3666756538150445
106,0.9870600072576124,0.9724770642201839,0.0,1.0,0.31070369371798334
107,0.9839920166265296,0.9357798165137612,0.0,1.0,0.3558910757616609
108,0.9861445584402732,0.9449541284403669,0.0,1.0,0.4121865732003236
109,0.9722396331606901,0.9266055045871555,0.0,1.0,0.39363709894850374
110,0.9801570283376767,0.9449541284403669,0.0,1.0,0.38393097870045845
111,0.9728829215188203,0.9266055045871555,0.0,1.0,0.4561876516581289
112,0.9824085375911323,0.9633027522935778,0.0,1.0,0.3548126179563226
113,0.9806518655362385,0.9449541284403669,0.0,1.0,0.28794823402534386
114,0.9762478144690397,0.9449541284403669,0.0,1.0,0.42383391749797805
115,0.9858229142612079,0.9357798165137612,0.0,1.0,0.42383391749797805
116,0.9813941213340812,0.9449541284403669,0.0,1.0,0.3882448099218119
117,0.9897073862699172,0.9724770642201839,0.0,1.0,0.3332434618495552
118,0.5405848975687,0.9908256880733943,0.0,1.0,0.4497169048260987
119,0.9901032560287665,0.9724770642201839,0.0,1.0,0.32677271501752503
120,0.9786477748820638,0.9449541284403669,0.0,1.0,0.4216770018873013
121,0.9786230330221356,0.9266055045871555,0.0,1.0,0.37422485845241327
122,0.9743426912545773,0.9174311926605503,0.0,1.0,0.38393097870045845
123,0.9921815722627255,0.9541284403669716,0.0,1.0,0.3908331086546242
124,0.9900537723089106,0.9449541284403669,0.0,1.0,0.3224588837961716
125,0.9766189423679609,0.9449541284403669,0.0,1.0,0.4184416284712861
126,0.9729818889585325,0.9174311926605503,0.0,1.0,0.3655971960097062
127,0.97275921221918,0.9266055045871555,0.0,1.0,0.3914801833378271
128,0.9781776795434302,0.9174311926605503,0.0,1.0,0.4292262065246697
129,0.9801322864777487,0.9449541284403669,0.0,1.0,0.34726341331895394
130,0.9886187444330815,0.9541284403669716,0.0,1.0,0.34726341331895394
131,0.9873321677168211,0.9541284403669716,0.0,1.0,0.4119708816392559
132,0.9762725563289677,0.9357798165137612,0.0,1.0,0.3461849555136156
133,0.9725365354798269,0.9174311926605503,0.0,1.0,0.4195200862766244
134,0.9780292283838617,0.9449541284403669,0.0,1.0,0.3720679428417365
135,0.9761241051693993,0.9174311926605503,0.0,1.0,0.32353734160150993
136,0.9827054399102694,0.9357798165137612,0.0,1.0,0.40334321919654903
137,0.984932207303797,0.9724770642201839,0.0,1.0,0.3526557023456459
138,0.97637152376868,0.9541284403669716,0.0,1.0,0.3893232677271502
139,0.9913898327450267,0.9724770642201839,0.0,1.0,0.3655971960097062
140,0.5468115989839342,1.0,0.0,1.0,0.40765705041790257
141,0.5388117309405207,0.9816513761467887,0.0,1.0,0.3666756538150445
142,0.9811467027348003,0.9449541284403669,0.0,1.0,0.37746023186842825
143,0.9844621119651634,0.9541284403669716,0.0,1.0,0.3882448099218119
144,0.9784003562827829,0.9174311926605503,0.0,1.0,0.4162847128606094
145,0.9750602051924916,0.9266055045871555,0.0,1.0,0.3558910757616609
146,0.9874558770164615,0.9541284403669716,0.0,1.0,0.3860878943111352
147,0.9750354633325636,0.9357798165137612,0.0,1.0,0.4098139660285792
148,0.9765199749282486,0.9357798165137612,0.0,1.0,0.36020490698301444
149,0.9902022234684787,0.9541284403669716,0.0,1.0,0.40657859261256424
150,0.9766189423679609,0.9357798165137612,0.0,1.0,0.4195200862766244
151,0.5229274568666907,0.9724770642201839,0.0,1.0,0.34834187112429227
152,0.9928743443407119,0.9541284403669716,0.0,1.0,0.31706659476947974
153,0.9826064724705573,0.9449541284403669,0.0,1.0,0.4152062550552711
154,0.9678355820934913,0.9174311926605503,0.0,1.0,0.40334321919654903
155,0.9721901494408339,0.9082568807339446,0.0,1.0,0.34402803990293884
156,0.9755303005311252,0.9266055045871555,0.0,1.0,0.44432461579940696
157,0.9828786329297662,0.9633027522935778,0.0,1.0,0.37422485845241327
158,0.9840909840662421,0.9724770642201839,0.0,1.0,0.35049878673496904
159,0.993220730379705,0.9633027522935778,0.0,1.0,0.40118630358587226
160,0.9795632236994029,0.9357798165137612,0.0,1.0,0.36451873820436775
161,0.9835714050077523,0.9541284403669716,0.0,1.0,0.3548126179563226
162,0.9870352653976843,0.9633027522935778,0.0,1.0,0.36128336478835277
163,0.9960907861313629,0.9816513761467887,0.0,1.0,0.3893232677271502
164,0.9948536931349584,0.9724770642201839,0.0,1.0,0.3619304394715558
165,0.5532032461320225,1.0,0.0,1.0,0.34726341331895394
166,0.9852538514828623,0.9541284403669716,0.0,1.0,0.3882448099218119
167,0.9748127865932107,0.9266055045871555,0.0,1.0,0.35373416015098424
168,0.9714726355029194,0.9174311926605503,0.0,1.0,0.3451064977082773
169,0.9823837957312042,0.9541284403669716,0.0,1.0,0.4119708816392559
170,0.9726849866393957,0.9174311926605503,0.0,1.0,0.3688325694257213
171,0.9650892356414739,0.9174311926605503,0.0,1.0,0.4356969533566999
172,0.971027282024214,0.9266055045871555,0.0,1.0,0.4421677001887301
173,0.9659304588790288,0.9082568807339446,0.0,1.0,0.3785386896737666
174,0.9786477748820638,0.9449541284403669,0.0,1.0,0.2663790779185766
175,0.9739715633556559,0.9357798165137612,0.0,1.0,0.3763817740630899
176,0.9819384422524989,0.9541284403669716,0.0,1.0,0.3321650040442168
177,0.9667469402566554,0.9082568807339446,0.0,1.0,0.40118630358587226
178,0.9801570283376771,0.9357798165137612,0.0,1.0,0.44108924238339187
179,0.9843878863853793,0.9449541284403669,0.0,1.0,0.3256942572121867
180,0.9749859796127075,0.9357798165137612,0.0,1.0,0.34834187112429227
181,0.9842641770857387,0.9449541284403669,0.0,1.0,0.3451064977082773
182,0.9863424933196977,0.9357798165137612,0.0,1.0,0.39363709894850374
183,0.9664995216573747,0.9174311926605503,0.0,1.0,0.3763817740630899
184,0.980775574835879,0.9266055045871555,0.0,1.0,0.4249123753033164
185,0.9909939629861776,0.9816513761467887,0.0,1.0,0.34726341331895394
186,0.9930970210800646,0.9724770642201839,0.0,1.0,0.3331356160690214
187,0.5300118760927655,0.9724770642201839,0.0,1.0,0.3181450525748182
188,0.9846105631247318,0.9449541284403669,0.0,1.0,0.3720679428417365
189,0.9806023818163826,0.9266055045871555,0.0,1.0,0.4389323267727152
190,0.9710025401642858,0.9357798165137612,0.0,1.0,0.4497169048260987
191,0.9826806980503416,0.9449541284403669,0.0,1.0,0.3515772445403075
192,0.9836951143073928,0.9541284403669716,0.0,1.0,0.4152062550552711
193,0.9821611189918517,0.9266055045871555,0.0,1.0,0.44324615799406875
194,0.9742932075347212,0.9174311926605503,0.0,1.0,0.39363709894850374
195,0.9700376076270908,0.9082568807339446,0.0,1.0,0.43354003774602323
196,0.9797611585788274,0.9357798165137612,0.0,1.0,0.3785386896737666
197,0.9887919374525781,0.9633027522935778,0.0,1.0,0.35341062280938274
198,0.9928743443407119,0.9724770642201839,0.0,1.0,0.4464815314100836
199,0.9931712466598489,0.9357798165137612,0.0,1.0,0.42059854408196296
200,0.9785240655824233,0.9357798165137612,0.0,1.0,0.36128336478835277
201,0.9853033352027182,0.9449541284403669,0.0,1.0,0.41412779724993276
202,0.9839177910467455,0.9449541284403669,0.0,1.0,0.37476408735508226
203,0.9768168772473859,0.9266055045871555,0.0,1.0,0.3558910757616609
204,0.9802065120575333,0.9541284403669716,0.0,1.0,0.41110811539498526
205,0.9849569491637252,0.9449541284403669,0.0,1.0,0.35373416015098424
206,0.9802807376373176,0.9633027522935778,0.0,1.0,0.41089242383391755
207,0.9845858212648037,0.9449541284403669,0.0,1.0,0.37422485845241327
208,0.9902269653284069,0.9816513761467887,0.0,1.0,0.3095173901321111
209,0.9910929304258899,0.9724770642201839,0.0,1.0,0.3418711242922622
210,0.9921320885428694,0.9724770642201839,0.0,1.0,0.32461579940684826
211,0.9746395935737143,0.9266055045871555,0.0,1.0,0.4098139660285792
212,0.9788704516214165,0.9357798165137612,0.0,1.0,0.38716635211647354
213,0.9787962260416324,0.9449541284403669,0.0,1.0,0.34726341331895394
214,0.984956949163725,0.9633027522935778,0.0,1.0,0.32677271501752503
215,0.9722148913007619,0.9082568807339446,0.0,1.0,0.39040172553248875
216,0.9738725959159437,0.9266055045871555,0.0,1.0,0.4022647613912106
217,0.9765447167881768,0.9357798165137612,0.0,1.0,0.44432461579940696
218,0.9788457097614885,0.9449541284403669,0.0,1.0,0.42383391749797805
219,0.9832497608286875,0.9449541284403669,0.0,1.0,0.3397142086815854
220,0.9832497608286871,0.9633027522935778,0.0,1.0,0.3731464006470748
221,0.973748886616303,0.9082568807339446,0.0,1.0,0.3882448099218119
222,0.9789446772012008,0.9541284403669716,0.0,1.0,0.39471555675384207
223,0.9552337281034541,0.8899082568807337,0.0,1.0,0.3990293879751956
224,0.9764210074885361,0.9357798165137612,0.0,1.0,0.3914801833378271
225,0.9791426120806256,0.9541284403669716,0.0,1.0,0.36451873820436775
226,0.9669448751360802,0.8990825688073394,0.0,1.0,0.3763817740630899
227,0.9827301817701976,0.9541284403669716,0.0,1.0,0.3127527635481263
228,0.9780787121037177,0.9449541284403669,0.0,1.0,0.3300080884335401
229,0.9732540494177414,0.9357798165137612,0.0,1.0,0.35696953356699934
230,0.998292811664962,0.9816513761467887,0.0,1.0,0.3095173901321111
231,0.989064097911787,0.9724770642201839,0.0,1.0,0.3908331086546242
232,0.9840909840662423,0.9541284403669716,0.0,1.0,0.3502830951739013
233,0.9750107214726355,0.9174311926605503,0.0,1.0,0.3796171474791049
234,0.9696169960083131,0.9266055045871555,0.0,1.0,0.42059854408196296
235,0.9821611189918517,0.9449541284403669,0.0,1.0,0.335400377460232
236,0.9901279978886947,0.9633027522935778,0.0,1.0,0.37746023186842825
237,0.980775574835879,0.9357798165137612,0.0,1.0,0.359126449177676
238,0.9783013888430704,0.9449541284403669,0.0,1.0,0.4259908331086547
239,0.9809240259954474,0.9266055045871555,0.0,1.0,0.3332434618495552
240,0.9748375284531389,0.9449541284403669,0.0,1.0,0.42383391749797805
241,0.9802065120575333,0.9449541284403669,0.0,1.0,0.3979509301698573
242,0.9811219608748721,0.9541284403669716,0.0,1.0,0.3192235103801565
243,0.9768663609672418,0.9357798165137612,0.0,1.0,0.32461579940684826
244,0.9728581796588921,0.9266055045871555,0.0,1.0,0.4098139660285792
245,0.9749364958928509,0.9174311926605503,0.0,1.0,0.3763817740630899
246,0.9730561145383171,0.9174311926605503,0.0,1.0,0.3666756538150445
247,0.9897321281298456,0.9633027522935778,0.0,1.0,0.39396063629010525
248,0.9857486886814238,0.9541284403669716,0.0,1.0,0.41304933944459443
249,0.9896331606901331,0.9724770642201839,0.0,1.0,0.3753033162577515
250,0.9845115956850198,0.9541284403669716,0.0,1.0,0.36128336478835277
251,0.9852043677630059,0.9633027522935778,0.0,1.0,0.3925586411431654
252,0.9878517467753108,0.9724770642201839,0.0,1.0,0.31490967915880297
253,0.9793652888199781,0.9449541284403669,0.0,1.0,0.359126449177676
254,0.9773364563058752,0.9449541284403669,0.0,1.0,0.35804799137233767
255,0.9722148913007619,0.9174311926605503,0.0,1.0,0.42059854408196296
256,0.9752333982119882,0.9449541284403669,0.0,1.0,0.35696953356699934
257,0.9635140038927194,0.9082568807339446,0.0,1.0,0.3796171474791049
258,0.9870105235377563,0.9541284403669716,0.0,1.0,0.36020490698301444
259,0.9872084584171806,0.9633027522935778,0.0,1.0,0.4281477487193316
260,0.9856002375218552,0.9449541284403669,0.0,1.0,0.38716635211647354
261,0.9879012304951672,0.9357798165137612,0.0,1.0,0.4119708816392559
262,0.9808003166958069,0.9449541284403669,0.0,1.0,0.42706929091399304
263,0.9801075446178208,0.9266055045871555,0.0,1.0,0.3461849555136156
264,0.9861445584402729,0.9633027522935778,0.0,1.0,0.3623618225936911
265,0.9803797050770297,0.9357798165137612,0.0,1.0,0.3828525208951201
266,0.9772622307260911,0.9357798165137612,0.0,1.0,0.4119708816392559
267,0.9859466235608484,0.9449541284403669,0.0,1.0,0.4626583984901591
268,0.964817075182265,0.9082568807339446,0.0,1.0,0.3828525208951201
269,0.9816662817932899,0.9541284403669716,0.0,1.0,0.3785386896737666
270,0.9839425329066739,0.9541284403669716,0.0,1.0,0.36095982744675126
271,0.9818147329528585,0.9541284403669716,0.0,1.0,0.39471555675384207
272,0.979810642298684,0.9357798165137612,0.0,1.0,0.3451064977082773
273,0.9814436050539374,0.9449541284403669,0.0,1.0,0.396117551900782
274,0.9760498795896148,0.9357798165137612,0.0,1.0,0.35049878673496904
275,0.9835714050077523,0.9724770642201839,0.0,1.0,0.335400377460232
276,0.9943588559363968,0.9816513761467887,0.0,1.0,0.34402803990293884
277,0.9886187444330815,0.9633027522935778,0.0,1.0,0.4162847128606094
278,0.978128195823574,0.9174311926605503,0.0,1.0,0.3979509301698573
279,0.973080856398245,0.9174311926605503,0.0,1.0,0.3908331086546242
280,0.9793900306799063,0.9541284403669716,0.0,1.0,0.3289296306282018
281,0.9905980932273281,0.9633027522935778,0.0,1.0,0.41412779724993276
282,0.9869610398178997,0.9633027522935778,0.0,1.0,0.3860878943111352
283,0.9649655263418334,0.9082568807339446,0.0,1.0,0.4356969533566999
284,0.9734272424372382,0.9082568807339446,0.0,1.0,0.38393097870045845
285,0.9679840332530597,0.9082568807339446,0.0,1.0,0.4324615799406849
286,0.9820868934120671,0.9449541284403669,0.0,1.0,0.34726341331895394
287,0.9830270840893346,0.9449541284403669,0.0,1.0,0.38393097870045845
288,0.9773859400257315,0.9357798165137612,0.0,1.0,0.3662442706929092
289,0.9697159634480256,0.8990825688073394,0.0,1.0,0.4022647613912106
290,0.9763962656286079,0.9082568807339446,0.0,1.0,0.4098139660285792
291,0.9738973377758716,0.9357798165137612,0.0,1.0,0.3979509301698573
292,0.9795137399795467,0.9449541284403669,0.0,1.0,0.41412779724993276
293,0.9918351862237323,0.9449541284403669,0.0,1.0,0.31167430574278787
294,0.9818147329528585,0.9449541284403669,0.0,1.0,0.3897546508492856
295,0.9808992841355194,0.9541284403669716,0.0,1.0,0.3914801833378271
296,0.9879259723550952,0.9541284403669716,0.0,1.0,0.3558910757616609
297,0.5355128162834428,0.9816513761467887,0.0,1.0,0.3429495820976005
298,0.5381437007224623,0.9816513761467887,0.0,1.0,0.3828525208951201
299,0.9924537327219344,0.9816513761467887,0.0,1.0,0.3213804259908333
300,0.9750602051924918,0.9266055045871555,0.0,1.0,0.4691291453221895
301,0.957773892389404,0.8990825688073394,0.0,1.0,0.4067942841736317
302,0.9718190215419126,0.9266055045871555,0.0,1.0,0.3854408196279322
303,0.9906723188071124,0.9541284403669716,0.0,1.0,0.3494203289296307
304,0.9807013492560949,0.9449541284403669,0.0,1.0,0.3321650040442168
305,0.9701118332068749,0.9082568807339446,0.0,1.0,0.3850094365057968
306,0.9696912215880976,0.8990825688073394,0.0,1.0,0.39471555675384207
307,0.9780539702437897,0.9357798165137612,0.0,1.0,0.3860878943111352
308,0.9842394352258105,0.9541284403669716,0.0,1.0,0.39363709894850374
309,0.9833239864084716,0.9449541284403669,0.0,1.0,0.3523321650040443
310,0.9746890772935705,0.9266055045871555,0.0,1.0,0.3299002426530063
311,0.9692706099693199,0.9174311926605503,0.0,1.0,0.3893232677271502
312,0.9694685448487447,0.9082568807339446,0.0,1.0,0.40657859261256424
313,0.9746148517137861,0.9266055045871555,0.0,1.0,0.43461849555136167
314,0.9863424933196977,0.9541284403669716,0.0,1.0,0.35049878673496904
315,0.9892372909312838,0.9633027522935778,0.0,1.0,0.42383391749797805
316,0.99289908620064,0.9633027522935778,0.0,1.0,0.4055001348072259
317,0.9702850262263715,0.9266055045871555,0.0,1.0,0.43990293879751974
318,0.9904743839276878,0.9633027522935778,0.0,1.0,0.38177406308978157
319,0.9876043281760302,0.9724770642201839,0.0,1.0,0.36020490698301444
320,0.5434961897535711,0.9908256880733943,0.0,1.0,0.33647883526557043
321,0.9904496420677599,0.9816513761467887,0.0,1.0,0.4098139660285792
322,0.9722396331606901,0.9266055045871555,0.0,1.0,0.44432461579940696
323,0.971299442483423,0.9174311926605503,0.0,1.0,0.42383391749797805
324,0.9592254148385183,0.8899082568807337,0.0,1.0,0.3666756538150445
325,0.9954474977732327,0.9541284403669716,0.0,1.0,0.3850094365057968
326,0.9823095701514203,0.9449541284403669,0.0,1.0,0.31490967915880297
327,0.9785240655824233,0.9266055045871555,0.0,1.0,0.3666756538150445
328,0.9788704516214165,0.9174311926605503,0.0,1.0,0.38069560528444324
329,0.9714726355029194,0.9357798165137612,0.0,1.0,0.3785386896737666
330,0.9750602051924916,0.9266055045871555,0.0,1.0,0.3753033162577515
331,0.987282683996965,0.9633027522935778,0.0,1.0,0.42059854408196296
332,0.9859466235608484,0.9357798165137612,0.0,1.0,0.3785386896737666
333,0.9725117936198989,0.9082568807339446,0.0,1.0,0.36991102723105973
334,0.9654851054003236,0.9082568807339446,0.0,1.0,0.40657859261256424
335,0.9743426912545773,0.9357798165137612,0.0,1.0,0.43677541116203855
336,0.9795384818394749,0.9357798165137612,0.0,1.0,0.5262874090051228
337,0.9678850658133474,0.9266055045871555,0.0,1.0,0.3429495820976005
338,0.9794642562596908,0.9357798165137612,0.0,1.0,0.44324615799406875
339,0.9813446376142246,0.9541284403669716,0.0,1.0,0.4885413858182799
340,0.9803054794972453,0.9357798165137612,0.0,1.0,0.44324615799406875
341,0.9678108402335633,0.9174311926605503,0.0,1.0,0.4518738204367754
342,0.99406195361726,0.9724770642201839,0.0,1.0,0.4249123753033164
343,0.9841899515059546,0.9541284403669716,0.0,1.0,0.4400107845780534
344,0.9833982119882559,0.9357798165137612,0.0,1.0,0.3716365597196011
345,0.9658562332992447,0.9082568807339446,0.0,1.0,0.47344297654354284
346,0.9683551611519811,0.8990825688073394,0.0,1.0,0.5359935292531681
347,0.9777323260647247,0.9266055045871555,0.0,1.0,0.4464815314100836
348,0.977831293504437,0.9357798165137612,0.0,1.0,0.464815314100836
349,0.9546399234651798,0.8899082568807337,0.0,1.0,0.49393367484497186
350,0.949295681720714,0.8715596330275233,0.0,1.0,0.4626583984901591
351,0.9609573450334837,0.8990825688073394,0.0,1.0,0.5187382043677542
352,0.9687757727707583,0.9174311926605503,0.0,1.0,0.5047182528983554
353,0.9729571470986046,0.9266055045871555,0.0,1.0,0.4119708816392559
354,0.9798106422986835,0.9449541284403669,0.0,1.0,0.4777568077648964
355,0.9712004750437108,0.9266055045871555,0.0,1.0,0.43461849555136167
356,0.969542770428529,0.9082568807339446,0.0,1.0,0.4119708816392559
357,0.9776581004849404,0.9174311926605503,0.0,1.0,0.485306012402265
358,0.9705324448256524,0.9082568807339446,0.0,1.0,0.5101105419250473
359,0.9787220004618481,0.9449541284403669,0.0,1.0,0.4982475060663254
360,0.9718932471216971,0.8990825688073394,0.0,1.0,0.47667834995955793
361,0.9539801405337643,0.8715596330275233,0.0,1.0,0.5996225397681316
362,0.9686025797512617,0.9082568807339446,0.0,1.0,0.5198166621730926
363,0.9645366674364134,0.8899082568807337,0.0,1.0,0.5489350229172285
364,0.9643304852703461,0.9082568807339446,0.0,1.0,0.5424642760851983
365,0.9752333982119882,0.9266055045871555,0.0,1.0,0.44755998921542206
366,0.9572790551908424,0.880733944954128,0.0,1.0,0.47991372337557303
367,0.9636459604790025,0.8990825688073394,0.0,1.0,0.5025613372876787
368,0.9427308415531291,0.8440366972477067,0.0,1.0,0.7581558371528716
369,0.9732045656978855,0.8990825688073394,0.0,1.0,0.5208951199784309
370,0.9785735493022795,0.9449541284403669,0.0,1.0,0.4960905904556485
371,0.9673902286147854,0.9082568807339446,0.0,1.0,0.4561876516581289
372,0.9477781809784581,0.8715596330275233,0.0,1.0,0.532758155837153
373,0.9593903605713722,0.8899082568807337,0.0,1.0,0.5586411431652738
374,0.9427968198462705,0.8623853211009171,0.0,1.0,0.565111889997304
375,0.9700870913469469,0.9174311926605503,0.0,1.0,0.41304933944459443
376,0.9789941609210567,0.9357798165137612,0.0,1.0,0.5888379617147481
377,0.9545409560254677,0.880733944954128,0.0,1.0,0.5744944729037478
378,0.9400917098274669,0.8623853211009171,0.0,1.0,0.6211916958748991
379,0.9337907828324484,0.8532110091743119,0.0,1.0,0.569102183877056
380,0.9594233497179426,0.880733944954128,0.0,1.0,0.4623348611485576
381,0.9771632632863786,0.9449541284403669,0.0,1.0,0.5198166621730926
382,0.9862187840200572,0.9541284403669716,0.0,1.0,0.4982475060663254
383,0.9859713654207766,0.9449541284403669,0.0,1.0,0.5958479374494474
384,0.9721159238610496,0.9174311926605503,0.0,1.0,0.5057967107036938
385,0.9792168376604099,0.9357798165137612,0.0,1.0,0.4658937719061744
386,0.9830270840893346,0.9357798165137612,0.0,1.0,0.46697222971151264
387,0.968058258832844,0.9082568807339446,0.0,1.0,0.5521703963332436
388,0.9899053211493419,0.9724770642201839,0.0,1.0,0.4259908331086547
389,0.9874063932966056,0.9633027522935778,0.0,1.0,0.33755729307090876
390,0.9823837957312044,0.9633027522935778,0.0,1.0,0.5219735777837693
391,0.9852291096229339,0.9541284403669716,0.0,1.0,0.4313831221353466
392,0.9789199353412729,0.9449541284403669,0.0,1.0,0.4389323267727152
393,0.9948042094151025,0.9816513761467887,0.0,1.0,0.3925586411431654
394,0.5258634909114902,0.9724770642201839,0.0,1.0,0.4389323267727152
395,0.9818889585326428,0.9357798165137612,0.0,1.0,0.5455918037206797
396,0.9688499983505424,0.9266055045871555,0.0,1.0,0.4486384470207605
397,0.9773859400257315,0.9266055045871555,0.0,1.0,0.4518738204367754
398,0.9833734701283275,0.9541284403669716,0.0,1.0,0.41089242383391755
399,0.9858476561211359,0.9449541284403669,0.0,1.0,0.32785117282286336
400,0.9810724771550162,0.9357798165137612,0.0,1.0,0.3850094365057968
401,0.9828786329297662,0.9357798165137612,0.0,1.0,0.45079536263143716
402,0.9810724771550162,0.9541284403669716,0.0,1.0,0.45295227824211404
403,0.9670685844357206,0.9174311926605503,0.0,1.0,0.42706929091399304
404,0.5341355194141125,0.9724770642201839,0.0,1.0,0.41304933944459443
405,0.9945567908158218,0.9816513761467887,0.0,1.0,0.3882448099218119
406,0.9824580213109885,0.9541284403669716,0.0,1.0,0.45381504448638466
407,0.9943341140764687,0.9816513761467887,0.0,1.0,0.45834456726880557
408,0.9935671164186982,0.9816513761467887,0.0,1.0,0.44432461579940696
409,0.994086695477188,0.9724770642201839,0.0,1.0,0.3763817740630899
410,0.9939877280374757,0.9816513761467887,0.0,1.0,0.40657859261256424
411,0.998762907003596,0.9816513761467887,0.0,1.0,0.35696953356699934
412,0.9806766073961667,0.9449541284403669,0.0,1.0,0.42706929091399304
413,0.973724144756375,0.9266055045871555,0.0,1.0,0.4216770018873013
414,0.9798601260185401,0.9266055045871555,0.0,1.0,0.5284443246157995
415,0.7995909345825224,0.525993883792049,0.0,1.0,0.18333782690752232
416,0.6569458648104772,0.024464831804281495,0.0,0.0010612244897959533,0.9506605554057699
417,0.6600138554415599,0.024464831804281495,0.0,0.0004489795918367623,0.9425721218657321
418,0.6061425790914788,0.024464831804281495,0.0,0.0011428571428571122,0.9708816392558641
419,0.6565499950516279,0.024464831804281495,0.0,0.00159183673469393,0.9425721218657321
420,0.620855738462046,0.024464831804281495,0.2499999999998863,0.02481632653061222,0.9474251819897548
421,0.6580345066473131,0.024464831804281495,0.0,0.0004489795918367623,0.9449986519277436
422,0.6349421040477682,0.0366972477064218,0.0,0.0004489795918367623,0.9409544351577244
423,0.6592880942170026,0.024464831804281495,0.0,0.0004489795918367623,0.9409544351577244
424,0.6604757034935506,0.024464831804281495,0.0,0.000938775510204104,0.9239687247236454
425,0.6644673902286148,0.0366972477064218,0.0,0.000897959183673469,0.9158802911836075
426,0.6632138026589253,0.0366972477064218,0.0,0.0018775510204082635,0.9288217848476681
427,0.6619932042358064,0.024464831804281495,0.0,0.0032653061224489632,0.9166891345376114
428,0.6598489097087058,0.024464831804281495,0.0625,0.0035102040816327174,0.9361013750337019
429,0.6625540197275096,0.024464831804281495,0.3125,0.038693877551020384,0.9506605554057699
430,0.6624880414343682,0.024464831804281495,0.0625,0.005877551020408156,0.9199245079536265
431,0.6624880414343682,0.024464831804281495,0.0,0.000938775510204104,0.9280129414936642
432,0.6620921716755187,0.024464831804281495,0.0625,0.0035918367346939317,0.945807495281747
433,0.4924289908620064,0.06116207951070329,0.0,0.0020000000000000573,0.9652197357778378
434,0.49549698149308874,0.06116207951070329,0.0,0.0013877551020408108,0.9943380965219735
435,0.4979051891927556,0.048929663608562546,0.0,0.00159183673469393,0.995955783229981
436,0.48332398640847163,0.0366972477064218,0.0,0.00379591836734694,0.9983823132919925
437,0.49404545904397457,0.048929663608562546,0.2499999999998863,0.022938775510204124,0.9951469398759774
438,0.4880414343680929,0.06116207951070329,0.0,0.0018775510204082635,0.9951469398759774
439,0.49856497212417106,0.06116207951070329,0.0,0.0004489795918367623,0.9951469398759774
440,0.4821693662784944,0.048929663608562546,0.0,0.003061224489795955,0.9927204098139661
441,0.47923333223369513,0.06116207951070329,0.0,0.0004489795918367623,0.995955783229981
442,0.4853693134958599,0.06116207951070329,0.0,0.00159183673469393,0.995955783229981
443,0.49226404512915245,0.048929663608562546,0.0,0.0014285714285714457,0.995955783229981
444,0.4820374096922112,0.048929663608562546,0.0,0.0013877551020408108,0.9975734699379888
445,0.48827235839408845,0.06116207951070329,0.4375,0.06110204081632653,0.9967646265839849
446,0.4983010589516048,0.06116207951070329,0.0,0.0002448979591836431,0.99352925316797
447,0.48421469336588263,0.06116207951070329,0.0,0.0007346938775510958,0.9943380965219735
448,0.48421469336588263,0.06116207951070329,0.0,0.0002448979591836431,0.9943380965219735
449,0.47956322369940296,0.06116207951070329,0.0,0.0011428571428571122,0.9943380965219735
450,0.48144360505393735,0.06116207951070329,0.0,0.0028571428571428914,0.9943380965219735
451,0.48513838946986454,0.048929663608562546,0.0,0.0018775510204081525,0.995955783229981
452,0.48375284531389173,0.048929663608562546,0.0,0.003306122448979598,0.9991911566459963
453,0.48952594596377796,0.06116207951070329,0.2499999999998863,0.025918367346938753,0.9975734699379888
454,0.4816415399333619,0.048929663608562546,0.0,0.0017142857142857237,0.9975734699379888
455,0.4893280110843532,0.06116207951070329,0.0,0.000938775510204104,0.9967646265839849
456,0.49035067462804727,0.06116207951070329,0.0,0.0023265306122449148,0.9943380965219735
457,0.4824992577442022,0.06116207951070329,0.0,0.0013877551020408108,0.9975734699379888
458,0.024115066143238884,0.048929663608562546,0.0,0.0,0.9927204098139661
459,0.48190545310592814,0.06116207951070329,0.0,0.000938775510204104,0.9943380965219735
460,0.47920034308712434,0.048929663608562546,0.0,0.0004489795918367623,0.9943380965219735
461,0.4817075182265035,0.06116207951070329,0.2499999999998863,0.02795918367346939,0.9951469398759774
462,0.48042094151024306,0.0366972477064218,0.0,0.000938775510204104,0.995955783229981
463,0.48279616006333903,0.06116207951070329,0.125,0.019346938775510192,0.9983823132919925
464,0.4792993105268365,0.06116207951070329,0.0,0.0004489795918367623,0.9967646265839849
465,0.48738165143667733,0.06116207951070329,0.0,0.0004489795918367623,0.9967646265839849
466,0.47923333223369513,0.06116207951070329,0.0,0.0023265306122449148,0.9967646265839849
467,0.02526968627321613,0.0366972477064218,0.0,0.000938775510204104,0.995955783229981
468,0.4824662685976313,0.06116207951070329,0.0,0.0004489795918367623,0.995955783229981
469,0.4761323524560419,0.048929663608562546,0.2499999999998863,0.02567346938775511,0.995955783229981
470,0.4785405601557088,0.048929663608562546,0.0,0.0,0.9943380965219735
471,0.4893610002309241,0.0366972477064218,0.0,0.002489795918367399,0.9902938797519547
472,0.026325338963480993,0.06116207951070329,0.0,0.0,0.9943380965219735
473,0.14482235344571648,0.0733944954128436,0.0625,0.004530612244897925,0.9870585063359396
474,0.050968231451852364,0.048929663608562546,0.0,0.000938775510204104,0.9951469398759774
475,0.47504371061920625,0.06116207951070329,0.0,0.0004489795918367623,0.9927204098139661
476,0.011546201299772407,0.048929663608562546,0.0,0.003387755102040868,1.0000000000000002
477,0.4783096361297132,0.048929663608562546,1.0,0.14697959183673476,0.995955783229981
478,0.023224359185827936,0.06116207951070329,0.0,0.0013877551020408108,0.9943380965219735
479,0.49173621878401996,0.06116207951070329,0.0625,0.011714285714285733,0.9951469398759774
480,0.4794972454062614,0.06116207951070329,0.3125,0.033183673469387776,0.9967646265839849
481,0.01263484313660812,0.048929663608562546,0.0,0.002897959183673471,0.9975734699379888
482,0.0374096922112625,0.06116207951070329,0.0,0.0004489795918367623,0.9943380965219735
483,0.4801570283376768,0.048929663608562546,0.2499999999998863,0.03963265306122449,0.9951469398759774
484,0.033220070596773676,0.06116207951070329,0.0,0.0,0.9951469398759774
485,0.47550555867119715,0.048929663608562546,0.0,0.0031020408163265345,0.995955783229981
486,0.04107148748061895,0.06116207951070329,0.0625,0.003959183673469424,0.9903747640873553
487,0.47910137564741206,0.06116207951070329,0.0,0.0004489795918367623,0.99352925316797
488,0.04225909675716688,0.06116207951070329,0.0,0.0004489795918367623,0.9927204098139661
489,0.47636327648203736,0.0366972477064218,0.0,0.0026938775510204627,0.9943380965219735
490,0.48012403919110613,0.06116207951070329,0.0,0.0027755102040816215,0.9927204098139661
491,0.48358789958103787,0.06116207951070329,0.3125,0.03832653061224489,0.99352925316797
492,0.030218058258832836,0.06116207951070329,0.5624999999998863,0.0536326530612245,0.9967646265839849
493,0.03114175436281469,0.06116207951070329,0.0,0.0030204081632652646,0.995955783229981
494,0.04430442384455513,0.06116207951070329,0.0,0.0,0.9951469398759774
495,0.013327615214594357,0.048929663608562546,0.0,0.0026122448979592483,0.9967646265839849
496,0.4801570283376768,0.06116207951070329,0.0,0.0,0.995955783229981
497,0.47814469039685936,0.048929663608562546,0.0,0.00040816326530612734,0.9951469398759774
498,0.01543892059512425,0.06116207951070329,0.1875,0.01595918367346938,0.9967646265839849
499,0.04806518655362385,0.0366972477064218,0.0,0.002448979591836764,0.9927204098139661
500,0.0410384983340481,0.06116207951070329,0.0,0.0004489795918367623,0.9943380965219735
501,0.4816085507867912,0.06116207951070329,0.0,0.0020816326530612717,0.9951469398759774
502,0.03773958367697028,0.06116207951070329,0.0,0.000938775510204104,0.9927204098139661
503,0.47774882063801005,0.06116207951070329,0.0625,0.004489795918367401,0.9951469398759774
504,0.04961567644245041,0.06116207951070329,0.0,0.000938775510204104,0.9975734699379888
505,0.47596740672318805,0.0366972477064218,0.0,0.0013877551020408108,0.9975734699379888
506,0.026886154455184275,0.06116207951070329,0.0,0.0,0.99352925316797
507,0.47817767954343016,0.06116207951070329,0.0,0.0013877551020408108,0.9943380965219735
508,0.02820572031801538,0.06116207951070329,0.0,0.0004489795918367623,0.9983823132919925
509,0.04862600204532713,0.06116207951070329,0.0,0.000938775510204104,0.9919115664599623
510,0.4789364299145581,0.048929663608562546,0.0,0.002734693877551042,0.9967646265839849
511,0.4824662685976313,0.06116207951070329,0.2499999999998863,0.02551020408163268,0.9927204098139661
512,0.02922838386170956,0.06116207951070329,0.0,0.0004489795918367623,0.9975734699379888
513,0.4888991521789332,0.048929663608562546,0.0,0.0020816326530612717,0.9967646265839849
514,0.4779467555174347,0.048929663608562546,0.0,0.000938775510204104,0.9943380965219735
515,0.06399894434730968,0.06116207951070329,0.0625,0.0035102040816327174,0.9975734699379888
516,0.48048691980338476,0.06116207951070329,0.0,0.000938775510204104,0.9951469398759774
517,0.03054794972454067,0.06116207951070329,0.0,0.0013877551020408108,0.99352925316797
518,0.025170718833503802,0.0366972477064218,0.0,0.0013469387755102868,0.9975734699379888
519,0.4858641506944217,0.06116207951070329,0.2499999999998863,0.024775510204081697,0.9927204098139661
520,0.47741892917230233,0.06116207951070329,0.0,0.0,0.9967646265839849
521,0.021904793322996774,0.06116207951070329,0.0,0.000938775510204104,0.9911027231059588
522,0.47289941609210573,0.06116207951070329,0.0,0.0002448979591836431,0.9991911566459963
523,0.025368653712928457,0.06116207951070329,0.0,0.0032653061224489632,0.9928012941493665
524,0.023950120410385023,0.06116207951070329,0.0,0.0011836734693878026,0.9911027231059588
525,0.031504634975093204,0.06116207951070329,0.0,0.0013877551020408108,0.995955783229981
526,0.47883746247484593,0.06116207951070329,0.0,0.000653061224489826,0.9951469398759774
527,0.4765942005080329,0.048929663608562546,0.2499999999998863,0.025877551020408174,0.8859530870854677
528,0.5542836406822156,0.8165137614678897,0.0,0.0011428571428571122,0.0
529,0.5546795104410649,0.8165137614678897,0.0,0.0002448979591836431,0.0
530,0.5541516840959325,0.8165137614678897,0.0,0.004530612244897925,0.0
531,0.9012304951670901,0.8165137614678897,0.0625,0.006040816326530585,0.0
532,0.9013624517533733,0.8165137614678897,0.0,0.0,0.0
533,0.9259063768020322,0.8165137614678897,0.0,0.0008571428571428341,0.0
534,0.9014284300465149,0.8165137614678897,0.0,0.002734693877551042,0.014019951469398828
535,0.9121828918285882,0.8165137614678897,0.0,0.002734693877551042,0.0
536,0.9129416421997164,0.8165137614678897,0.0,0.0,0.0
537,0.9127766964668625,0.8165137614678897,0.0,0.000653061224489826,0.0
538,0.9028799524956291,0.8165137614678897,0.0,0.0004489795918367623,0.0
539,0.4441988585755289,0.8165137614678897,0.2499999999998863,0.025714285714285745,0.030196818549474314
540,0.4429452710058389,0.8165137614678897,0.0,0.000897959183673469,0.0
541,0.4323227658100486,0.8165137614678897,0.0,0.0019591836734693113,0.017255324885413814
542,0.4445617391878074,0.8165137614678897,0.0,0.0023265306122449148,0.0
543,0.43186091775805757,0.8165137614678897,0.125,0.011591836734693828,0.0
544,0.4667634348299411,0.8165137614678897,0.0,0.0019591836734694223,0.03235373416015097
545,0.4394484214693367,0.8165137614678897,0.0,0.0020816326530612717,0.0
546,0.4565367993929996,0.8165137614678897,0.0625,0.004653061224489885,0.0
547,0.4340711905782998,0.8165137614678897,0.2499999999998863,0.022693877551020425,0.017255324885413814
548,0.4331145053277472,0.8165137614678897,0.0,0.0,0.0
549,0.4771550159997363,0.8165137614678897,0.0,0.0025306122448979784,0.0
550,0.4331804836208887,0.8165137614678897,0.0,0.0018775510204082635,0.0
551,0.4454194569986475,0.8165137614678897,0.0,0.0004897959183673417,0.0
552,0.43515983241513545,0.8165137614678897,0.0,0.0026122448979592483,0.0
553,0.4449246198000858,0.8165137614678897,0.0,0.003306122448979598,0.0
554,0.4455184244383599,0.8165137614678897,0.2499999999998863,0.02355102040816326,0.0
555,0.43512684326856477,0.8165137614678897,0.0,0.002489795918367399,0.0
556,0.4495760894665657,0.8165137614678897,0.0,0.0013877551020408108,0.0
557,0.5055256820506053,0.8165137614678897,0.0,0.0018775510204082635,0.009706120248045402
558,0.47280044865239346,0.8165137614678897,0.0,0.0025306122448979784,0.0
559,0.43337841850031333,0.8165137614678897,0.0,0.0030204081632653756,0.0
560,0.45376571108105435,0.8165137614678897,0.0,0.001836734693877573,0.024804529522782448
561,0.43433510375086604,0.8165137614678897,0.0,0.0012653061224490725,0.025882987328120888
562,0.43420314716458297,0.8256880733944953,0.3125,0.03432653061224494,0.0
563,0.4331804836208888,0.8165137614678897,0.0,0.0013877551020408108,0.017255324885413814
564,0.4326856464223272,0.8165137614678897,0.0,0.0018775510204082635,0.010784578053383731
565,0.43146504799920826,0.8165137614678897,0.0,0.0004489795918367623,0.0
566,0.4344340711905784,0.8165137614678897,0.0,0.0025306122448979784,0.0
567,0.44426483686867024,0.8165137614678897,0.0,0.000938775510204104,0.017255324885413814
568,0.44558440273150135,0.8165137614678897,0.0,0.003061224489795955,0.006470746832030305
569,0.45736152805726926,0.8165137614678897,0.0,0.0007755102040816197,0.0
570,0.43202586349091165,0.8165137614678897,0.0,0.0003673469387754924,0.0
571,0.5905717019100717,0.2568807339449535,0.0,0.000938775510204104,0.0
572,0.7106521954277044,0.12232415902140659,0.0,0.0013877551020408108,0.650310056619035
573,0.7014152343878862,0.13455657492354733,0.3749999999998863,0.03440816326530621,0.6481531410083583
574,0.7134562728862205,0.14678899082568764,0.0,0.0013877551020408108,0.6362901051496364
575,0.7132913271533666,0.12232415902140659,0.0,0.0018775510204082635,0.6427608519816663
576,0.606571437996899,0.0366972477064218,0.0625,0.005183673469387751,0.9150714478296038
577,0.5057566060766008,0.012232415902140525,0.0,0.00040816326530612734,0.9991911566459963
578,0.49536502490680556,0.012232415902140525,0.0,0.0015102040816326046,0.9975734699379888
579,0.5189852538514829,0.012232415902140525,0.0,0.0004489795918367623,0.995955783229981
580,0.5287500412364333,0.012232415902140525,0.0,0.0026122448979592483,0.9975734699379888
581,0.5694916372513444,0.012232415902140525,0.0,0.00379591836734694,0.9983823132919925
582,0.5369973278791277,0.012232415902140525,0.0,0.0,0.9983823132919925
583,0.523273842905684,0.012232415902140525,0.0,0.0008571428571428341,0.9975734699379888
584,0.5400653185102102,0.0,0.0625,0.004653061224489885,0.9975734699379888
585,0.5095503579322403,0.0366972477064218,0.0,0.0018775510204082635,0.9927204098139661
586,0.5325767822386434,0.012232415902140525,0.0,0.0013877551020408108,0.9943380965219735
587,0.5445848315904067,0.012232415902140525,0.0,0.0002448979591836431,0.9983823132919925
588,0.521954277042853,0.024464831804281495,0.0,0.003999999999999948,0.9975734699379888
589,0.5304654768581136,0.012232415902140525,0.3749999999998863,0.048612244897959234,0.9967646265839849
590,0.5385478177679545,0.012232415902140525,0.0,0.0,0.9975734699379888
591,0.5342592287137531,0.012232415902140525,0.0,0.000938775510204104,0.9983823132919925
592,0.5269686273216113,0.012232415902140525,0.0,0.0028163265306122565,0.9967646265839849
593,0.5174677531092271,0.048929663608562546,0.2499999999998863,0.022938775510204124,0.9967646265839849
594,0.5263418335367666,0.06116207951070329,0.0,0.0023265306122449148,0.9975734699379888
595,0.5241975390096658,0.048929663608562546,0.125,0.012000000000000066,0.9975734699379888
596,0.5357107511628674,0.012232415902140525,0.0,0.0035102040816327174,0.9967646265839849
597,0.5439910269521328,0.012232415902140525,0.0,0.0028163265306122565,0.9983823132919925
598,0.551677498103124,0.012232415902140525,0.0,0.0,0.9975734699379888
599,0.5193151453171907,0.024464831804281495,0.0,0.0020816326530612717,0.9975734699379888
600,0.5234057994919671,0.012232415902140525,0.0,0.0016734693877550888,0.9967646265839849
601,0.5486754857651831,0.012232415902140525,0.2499999999998863,0.02653061224489789,0.9975734699379888
602,0.5057895952231716,0.012232415902140525,0.0,0.0,0.9991911566459963
603,0.5362715666545705,0.012232415902140525,0.0,0.0004489795918367623,0.9983823132919925
604,0.535776729456009,0.012232415902140525,0.0,0.0015102040816326046,0.9967646265839849
605,0.5336324349289084,0.012232415902140525,0.0,0.0018775510204082635,0.9975734699379888
606,0.5329726519974927,0.012232415902140525,0.0,0.0,0.9967646265839849
607,0.520304819714314,0.024464831804281495,0.0,0.000938775510204104,0.9983823132919925
608,0.5325437930920728,0.012232415902140525,0.0,0.0026530612244897722,0.9975734699379888
609,0.5229769405865471,0.012232415902140525,0.2499999999998863,0.02644897959183673,0.9983823132919925
610,0.5237356909576749,0.012232415902140525,0.0,0.0019183673469387874,0.9991911566459963
611,0.5263418335367666,0.012232415902140525,0.6249999999998863,0.08600000000000002,0.9983823132919925
612,0.5288819978227164,0.012232415902140525,0.0,0.000938775510204104,0.995955783229981
613,0.5096823145185234,0.0366972477064218,0.0625,0.004612244897959195,0.995955783229981
614,0.5108369346485008,0.012232415902140525,0.0,0.0004489795918367623,0.9975734699379888
615,0.5272985187873189,0.024464831804281495,0.0,0.00159183673469393,0.9991911566459963
616,0.527001616468182,0.024464831804281495,0.0,0.0024081632653060736,0.9975734699379888
617,0.5073400851119982,0.024464831804281495,0.0,0.0013877551020408108,0.9975734699379888
618,0.5391086332596575,0.012232415902140525,0.2499999999998863,0.02334693877551025,0.9975734699379888
619,0.5276943885461682,0.012232415902140525,0.0,0.0004489795918367623,0.9975734699379888
620,0.5254181374327845,0.012232415902140525,0.3749999999998863,0.033387755102040784,0.9943380965219735
621,0.49912578761587434,0.024464831804281495,0.0,0.0032653061224489632,0.9975734699379888
622,0.5044370402137697,0.024464831804281495,0.0,0.0004489795918367623,0.9983823132919925
623,0.5088575858542539,0.0366972477064218,0.0,0.001836734693877573,0.9886761930439474
624,0.5394055355787947,0.012232415902140525,0.0,0.00159183673469393,0.9951469398759774
625,0.49813611321875095,0.024464831804281495,0.0,0.0034693877551020824,0.9975734699379888
626,0.5367004255599908,0.024464831804281495,0.0625,0.0035102040816327174,0.9983823132919925
627,0.5193151453171907,0.012232415902140525,0.0,0.0008571428571428341,0.9991911566459963
628,0.5164121004189623,0.012232415902140525,0.0,0.0008571428571428341,0.9975734699379888
629,0.5477188005146308,0.012232415902140525,0.0,0.0029795918367347407,0.9983823132919925
630,0.5358097186025798,0.06116207951070329,0.0,0.0004489795918367623,0.9919115664599623
631,0.5283541714775838,0.012232415902140525,0.0,0.0004489795918367623,0.9983823132919925
632,0.5318510210140862,0.012232415902140525,0.0,0.0002448979591836431,0.9975734699379888
633,0.5384818394748127,0.012232415902140525,0.0,0.0035102040816327174,0.9975734699379888
634,0.5287170520898624,0.012232415902140525,0.0,0.0010612244897959533,0.9975734699379888
635,0.5220862336291361,0.012232415902140525,0.2499999999998863,0.022204081632653083,0.9975734699379888
636,0.5461353214792333,0.012232415902140525,0.0,0.0004489795918367623,0.9967646265839849
637,0.524164549863095,0.024464831804281495,0.0,0.0031020408163265345,0.9975734699379888
638,0.5175997096955102,0.0366972477064218,0.0,0.0011836734693878026,0.9911027231059588
639,0.5282552040378716,0.012232415902140525,0.0,0.0,0.9975734699379888
640,0.5337314023686207,0.012232415902140525,0.0,0.000653061224489826,0.995955783229981
641,0.5321149341866525,0.012232415902140525,0.0,0.0023265306122449148,0.9967646265839849
642,0.5154224260218389,0.012232415902140525,0.0,0.00040816326530612734,0.9983823132919925
643,0.5450466796423975,0.012232415902140525,0.2499999999998863,0.02669387755102043,0.9967646265839849
644,0.5369313495859863,0.012232415902140525,0.0,0.0004489795918367623,0.9967646265839849
645,0.5329066737043514,0.012232415902140525,0.0,0.0018775510204082635,0.9991911566459963
646,0.5214264506977205,0.012232415902140525,0.0,0.0025306122448979784,0.9895659207333514
647,0.49691551479563234,0.012232415902140525,0.0,0.000897959183673469,0.9975734699379888
648,0.5253851482862139,0.024464831804281495,0.0,0.0,0.995955783229981
649,0.5239996041302412,0.012232415902140525,0.0625,0.00444897959183671,0.9975734699379888
650,0.5248243327945107,0.024464831804281495,0.0,0.00159183673469393,0.9975734699379888
651,0.5380199914228219,0.012232415902140525,0.6249999999998863,0.06310204081632659,0.9967646265839849
652,0.5235377560782501,0.024464831804281495,0.0,0.0004489795918367623,0.9967646265839849
653,0.5386467852076667,0.012232415902140525,0.0,0.0029387755102041058,0.9975734699379888
654,0.5510836934648499,0.012232415902140525,0.0,0.000938775510204104,0.9975734699379888
655,0.5260779203642001,0.012232415902140525,0.0,0.000938775510204104,0.9975734699379888
656,0.5069772044997196,0.012232415902140525,0.0,0.0,0.9975734699379888
657,0.5341602612740409,0.012232415902140525,0.0,0.0025306122448979784,0.9975734699379888
658,0.5200079173951769,0.012232415902140525,0.3125,0.03681632653061234,0.9975734699379888
659,0.5269026490284696,0.012232415902140525,0.2499999999998863,0.024081632653061236,0.9975734699379888
660,0.5353148814040182,0.012232415902140525,0.0625,0.002734693877551042,0.9879482340253438
661,0.5202718305677432,0.048929663608562546,0.0,0.0011836734693878026,0.99352925316797
662,0.5293438458747073,0.024464831804281495,0.0,0.0010612244897958978,0.9975734699379888
663,0.5342262395671823,0.024464831804281495,0.0,0.0013469387755102868,0.9975734699379888
664,0.5275294428133145,0.012232415902140525,0.0,0.0004489795918367623,1.0000000000000002
665,0.5253851482862139,0.012232415902140525,0.0,0.0020816326530612717,0.9943380965219735
666,0.5349190116451689,0.012232415902140525,0.0,0.001551020408163295,0.9983823132919925
667,0.5350509682314519,0.012232415902140525,0.2499999999998863,0.0232244897959184,0.9967646265839849
668,0.5413848843730412,0.012232415902140525,0.0,0.0018775510204081525,0.9975734699379888
669,0.549302279550028,0.0,0.0,0.0011836734693878026,0.9967646265839849
670,0.6112558968099494,0.012232415902140525,0.0,0.0023673469387755497,0.9967646265839849
671,0.7229571470986046,0.14678899082568764,0.0,0.000938775510204104,0.0
672,0.7165242635173027,0.12232415902140659,0.0,0.0018775510204082635,0.0
673,0.708309966021179,0.12232415902140659,0.0,0.0018775510204082635,0.0
674,0.7128624682479466,0.12232415902140659,0.0,0.003142857142857225,0.0
675,0.5538547817767955,0.12232415902140659,0.2499999999998863,0.021020408163265336,0.0
676,0.5407251014416257,0.11009174311926584,0.4375,0.03853061224489801,0.0
677,0.7100254016428597,0.12232415902140659,0.0,0.002489795918367399,0.03558910757616607
678,0.7105532279879919,0.12232415902140659,0.0,0.0,0.025882987328120888
679,0.7101903473757135,0.11009174311926584,0.0,0.0,0.0
680,0.7103552931085674,0.11009174311926584,0.0,0.0016326530612245649,0.0
681,0.7069904001583479,0.12232415902140659,0.0,0.000938775510204104,0.0
682,0.708639857486887,0.11009174311926584,0.0,0.002163265306122486,0.0
683,0.6412430310427869,0.11009174311926584,0.2499999999998863,0.02771428571428569,0.0
684,0.33533467489196067,0.12232415902140659,0.0,0.0013061224489795964,0.0
685,0.7128294791013755,0.12232415902140659,0.0,0.0036734693877552016,0.0
686,0.708606868340316,0.11009174311926584,0.0625,0.004530612244897925,0.009706120248045402
687,0.6710652195427705,0.11009174311926584,0.0,0.0004489795918367623,0.0
688,0.6780589186157754,0.11009174311926584,0.0,0.0020816326530612717,0.0
689,0.6589911918978658,0.11009174311926584,0.0,0.0013469387755102313,0.0
690,0.6760465806749579,0.11009174311926584,0.0,0.000938775510204104,0.009706120248045402
691,0.668887935869099,0.11009174311926584,0.2499999999998863,0.024530612244897942,0.0
692,0.6732095140698712,0.11009174311926584,0.0,0.00228571428571428,0.0
693,0.6590571701910074,0.11009174311926584,0.0,0.000653061224489826,0.0
694,0.6774981031240722,0.11009174311926584,0.125,0.01375510204081637,0.009706120248045402
695,0.6725497311384555,0.11009174311926584,0.0,0.0011428571428571122,0.0
696,0.6757826675023916,0.11009174311926584,0.0,0.0004489795918367623,0.0
697,0.6619272259426648,0.11009174311926584,0.0,0.000938775510204104,0.0
698,0.6768383201926568,0.11009174311926584,0.0,0.002489795918367399,0.009706120248045402
699,0.6443769999670109,0.12232415902140659,0.2499999999998863,0.02420408163265303,0.0
700,0.6746610365189852,0.11009174311926584,0.0,0.0028571428571428914,0.0
701,0.6611684755715369,0.11009174311926584,0.0,0.000653061224489826,0.025882987328120888
702,0.6711971761290537,0.11009174311926584,0.0,0.0005306122448979766,0.009706120248045402
703,0.6726157094315973,0.11009174311926584,0.0625,0.003387755102040868,0.02372607171744412
704,0.6710652195427705,0.11009174311926584,0.0,0.002571428571428558,0.0
705,0.6676673374459804,0.11009174311926584,0.0,0.0004489795918367623,0.0
706,0.6724177745521723,0.11009174311926584,0.0,0.0014285714285714457,0.009706120248045402
707,0.6675023917131265,0.11009174311926584,0.3125,0.0359591836734694,0.017255324885413814
708,0.6745290799327021,0.11009174311926584,0.0,0.000979591836734739,0.0
709,0.6702075017319303,0.11009174311926584,0.0625,0.0037551020408163605,0.0
710,0.6736713621218618,0.11009174311926584,0.0,0.0013877551020408108,0.009706120248045402
711,0.6726486985781678,0.11009174311926584,0.0,0.0004489795918367623,0.0
712,0.6661828258502952,0.11009174311926584,0.0,0.000938775510204104,0.0
713,0.6641374987629071,0.11009174311926584,0.8749999999998863,0.13077551020408168,0.008627662442706963
714,0.6751888628641177,0.11009174311926584,0.0,0.0013877551020408108,0.009706120248045402
715,0.6619272259426648,0.11009174311926584,0.2499999999998863,0.024285714285714244,0.0
716,0.6363936264968825,0.12232415902140659,0.0625,0.006979591836734744,0.026961445133459216
717,0.5616402203674992,0.048929663608562546,0.0,0.00020408163265311918,0.0
718,0.03104278692310236,0.012232415902140525,0.0,1.0,0.0
719,0.14855012700821424,0.012232415902140525,0.0,1.0,0.0
720,0.18381552469237628,0.012232415902140525,0.0,1.0,0.018333782690752254
721,0.19374525781018037,0.0,0.0,1.0,0.0
722,0.12047636327648203,0.012232415902140525,0.0,1.0,0.0
723,0.14620789760168906,0.012232415902140525,0.0,1.0,0.017255324885413814
724,0.16959720252037092,0.012232415902140525,0.0,1.0,0.0
725,0.11681456800712564,0.0,0.0,1.0,0.0
726,0.16610035298386838,0.012232415902140525,0.0,1.0,0.0
727,0.1605581763599776,0.012232415902140525,0.0,1.0,0.025882987328120888
728,0.11084353247781487,0.012232415902140525,0.0,1.0,0.010784578053383731
729,0.17065285521063567,0.012232415902140525,0.0,1.0,0.0
730,0.20166265298716723,0.012232415902140525,0.0,1.0,0.030196818549474314
731,0.13598126216474782,0.012232415902140525,0.0,1.0,0.0
732,0.13073598785999407,0.012232415902140525,0.0,1.0,0.0
733,0.12997723748886625,0.012232415902140525,0.0,1.0,0.0
734,0.17164252960775916,0.012232415902140525,0.0,1.0,0.0
735,0.11354864249661856,0.0,0.0,1.0,0.0
736,0.023785174677531107,0.012232415902140525,0.0,1.0,0.0
737,0.09240259954474983,0.012232415902140525,0.0,1.0,0.0
738,0.17946095734503353,0.012232415902140525,0.0,1.0,0.0
739,0.12898756309174275,0.012232415902140525,0.0,1.0,0.03127527635481264
740,0.18447530762379172,0.0,0.0,1.0,0.0
741,0.09715303665094188,0.012232415902140525,0.0,1.0,0.03558910757616607
742,0.21152640781182985,0.012232415902140525,0.0,1.0,0.0
743,0.17220334509946233,0.012232415902140525,0.0,1.0,0.0
744,0.14290898294461118,0.012232415902140525,0.0,1.0,0.0
745,0.13565137069903999,0.012232415902140525,0.0,1.0,0.009706120248045402
746,0.1406327318312275,0.012232415902140525,0.0,1.0,0.0
747,0.14317289611717743,0.012232415902140525,0.0,1.0,0.0
748,0.16181176392966723,0.0,0.0,1.0,0.0
749,0.15412529277867582,0.012232415902140525,0.0,1.0,0.0
750,0.15221192227757074,0.012232415902140525,0.0,1.0,0.0
751,0.1211031570613268,0.012232415902140525,0.0,1.0,0.025882987328120888
752,0.13799360010556527,0.012232415902140525,0.0,1.0,0.015098409274737157
753,0.1564015438920595,0.012232415902140525,0.0,1.0,0.0
754,0.031009797776531567,0.012232415902140525,0.0,1.0,0.03343219196548941
755,0.12869066077260582,0.012232415902140525,0.0,1.0,0.0
756,0.19166694157622155,0.0,0.0,1.0,0.0
757,0.13667403424273417,0.012232415902140525,0.0,1.0,0.04421677001887303
758,0.1623066011282288,0.012232415902140525,0.0,1.0,0.0463736856295498
759,0.15310262923498175,0.012232415902140525,0.0,1.0,0.009706120248045402
760,0.16857453897667662,0.0,0.0,1.0,0.0
761,0.15214594398442916,0.012232415902140525,0.0,1.0,0.0
762,0.16593540725101452,0.0,0.0,1.0,0.0
763,0.16174578563652564,0.012232415902140525,0.0,1.0,0.0
764,0.1369709365618711,0.0,0.0,1.0,0.010784578053383731
765,0.16672714676871303,0.012232415902140525,0.0,1.0,0.0
766,0.12905354138488434,0.0,0.0,1.0,0.017255324885413814
767,0.1660343746907268,0.012232415902140525,0.0,1.0,0.0
768,0.17758057599049926,0.012232415902140525,0.0,1.0,0.009706120248045402
769,0.1660673638372976,0.012232415902140525,0.0,1.0,0.0
770,0.14815425724936504,0.0,0.0,1.0,0.0
771,0.1664302444495761,0.012232415902140525,0.0,1.0,0.0
772,0.06271236763104937,0.012232415902140525,0.0,1.0,0.0
773,0.13993995975324125,0.012232415902140525,0.0,1.0,0.010784578053383731
774,0.15940355623000035,0.0,0.0,1.0,0.0
775,0.15339953155411867,0.012232415902140525,0.0,1.0,0.0
776,0.1550489888826576,0.012232415902140525,0.0,1.0,0.025882987328120888
777,0.4748127865932109,0.024464831804281495,0.0,1.0,0.05715826368293353
778,0.17850427209448094,0.0,0.0,1.0,0.0
779,0.0947778180978458,0.012232415902140525,0.0,1.0,0.0
780,0.1297463134628707,0.012232415902140525,0.0,1.0,0.0
781,0.19077623461881044,0.012232415902140525,0.0,1.0,0.0
782,0.023752185530960368,0.012232415902140525,0.0,1.0,0.0
783,0.13172566225711735,0.012232415902140525,0.0,1.0,0.03127527635481264
784,0.10860027051100185,0.012232415902140525,0.0,1.0,0.0
785,0.45736152805726926,0.012232415902140525,0.0,1.0,0.0
786,0.15019958433675318,0.0,0.0,1.0,0.0
787,0.11585788275657305,0.012232415902140525,0.0,1.0,0.0
788,0.09942928776432558,0.0,0.0,1.0,0.0
789,0.14624088674825986,0.0,0.0,1.0,0.0
790,0.1673539405535579,0.012232415902140525,0.0,1.0,0.017255324885413814
791,0.19473493220730376,0.0,0.0,1.0,0.016176867080075485
792,0.17659090159337576,0.0,0.0,1.0,0.0
793,0.02088212977930265,0.012232415902140525,0.0,1.0,0.03127527635481264
794,0.15811697951374004,0.0,0.0,1.0,0.0
795,0.18718041764259563,0.0,0.0,1.0,0.0
796,0.20195955530630427,0.0,0.0,1.0,0.0
797,0.22277570679246528,0.0,0.0,1.0,0.0
798,0.19117210437765975,0.0,0.0,1.0,0.0
799,0.09180879490647587,0.012232415902140525,0.0,1.0,0.0
800,0.15778708804803232,0.012232415902140525,0.0,1.0,0.026961445133459216
801,0.18483818823607034,0.0,0.0,1.0,0.0
802,0.16765084287269494,0.012232415902140525,0.0,1.0,0.012941493664060388
803,0.17626101012766804,0.012232415902140525,0.0,1.0,0.017255324885413814
804,0.14158941708178008,0.012232415902140525,0.0,1.0,0.03127527635481264
805,0.16933328934780456,0.012232415902140525,0.0,1.0,0.017255324885413814
806,0.15943654537657115,0.0,0.0,1.0,0.0
807,0.17464454194569978,0.0,0.0,1.0,0.010784578053383731
808,0.15673143535776723,0.012232415902140525,0.0,1.0,0.0
809,0.15976643684227898,0.012232415902140525,0.0,1.0,0.0
810,0.15046349750931942,0.0,0.0,1.0,0.0
811,0.1887309075314222,0.0,0.0,1.0,0.0
812,0.12087223303533134,0.012232415902140525,0.0,1.0,0.0
813,0.060139214198528745,0.024464831804281495,0.0,0.0005306122448979766,0.0
814,0.1986936297957972,0.0,0.0,0.00159183673469393,0.0
815,0.23395902747995911,0.0,0.0,0.004204081632653067,0.0
816,0.19892455382179253,0.012232415902140525,0.0,0.0006122448979592465,0.020490698301429022
817,0.21743146504799915,0.0,0.4375,0.0388979591836735,0.009706120248045402
818,0.19301949658562334,0.0,0.0,0.0018775510204082635,0.0
819,0.10259624583512028,0.0,0.0625,0.006040816326530585,0.0
820,0.15772110975489073,0.0,0.6249999999998863,0.06326530612244902,0.017255324885413814
821,0.20301520799656902,0.0,0.0,0.000938775510204104,0.0
822,0.20298221884999823,0.0,0.0,0.00159183673469393,0.0
823,0.17259921485831164,0.024464831804281495,0.0,0.0028163265306122565,0.0
824,0.17223633424603302,0.0,0.0,0.0008571428571428341,0.0
825,0.2177283673671363,0.0,0.0,0.0013877551020408108,0.003235373416015208
826,0.16567149407844828,0.0,0.0,0.0013061224489795964,0.0
827,0.14551512552370272,0.012232415902140525,0.0625,0.00444897959183671,0.0
828,0.18803813545343584,0.012232415902140525,0.2499999999998863,0.027673469387755056,0.0
829,0.13911523108897172,0.0,0.0,0.0,0.0
830,0.19513080196615307,0.0,0.0,0.003183673469387749,0.0
831,0.17619503183452645,0.0,0.0,0.0012653061224490725,0.0
832,0.19529574769900715,0.0,0.0,0.0021632653061224305,0.0
833,0.1841124270115132,0.0,0.0,0.0,0.0
834,0.20327912116913538,0.0,0.0,0.0004489795918367623,0.0
835,0.4584501698941048,0.012232415902140525,0.0625,0.004653061224489774,0.0
836,0.1492099099396299,0.0,0.3125,0.030204081632653035,0.017255324885413814
837,0.21713456272886222,0.0,0.0,0.0019591836734693113,0.0
838,0.22798799195064823,0.0,0.0,0.0011428571428571122,0.0
839,0.09830765678091913,0.024464831804281495,0.0625,0.0032653061224489632,0.0
840,0.2035760234882723,0.0,0.0,0.0004489795918367623,0.0
841,0.21142744037211758,0.0,0.0,0.0,0.016176867080075485
842,0.17880117441361798,0.0,0.0,0.002408163265306129,0.0
843,0.13637713192359713,0.012232415902140525,0.0625,0.005224489795918386,0.0
844,0.5099462276910897,0.012232415902140525,0.3125,0.02897959183673471,0.009706120248045402
845,0.19829776003694788,0.0,0.0,0.0,0.0
846,0.19265661597334482,0.0,0.0,0.0011428571428571122,0.0
847,0.17583215122224793,0.012232415902140525,0.0,0.002244897959183756,0.0
848,0.20783162339590278,0.0,0.0,0.0004489795918367623,0.0
849,0.19628542209613042,0.0,0.0,0.0005306122448979766,0.0
850,0.19437205159502524,0.0,0.0,0.0017551020408163032,0.009706120248045402
851,0.17758057599049926,0.0,0.0,0.0017551020408163032,0.0
852,0.1442285488074424,0.0,0.2499999999998863,0.023999999999999966,0.0
853,0.21347276745950583,0.0,0.0,0.0,0.0
854,0.22106027117078486,0.0,0.0,0.0027755102040816215,0.009706120248045402
855,0.5135420446673045,0.0366972477064218,0.0625,0.006653061224489831,0.03127527635481264
856,0.20687493814535007,0.0,0.0,0.0013877551020408108,0.0
857,0.20621515521393463,0.0,0.0,0.0,0.0
858,0.16260350344736585,0.0,0.0,0.0,0.010784578053383731
859,0.1864546564180385,0.0,0.0,0.0034285714285714475,0.0
860,0.19991422821891602,0.0,0.0625,0.005469387755102084,0.0
861,0.228614785735493,0.0,0.1875,0.014326530612244925,0.0
862,0.1655395374921651,0.0,0.0,0.000653061224489826,0.0
863,0.18605878665918918,0.0,0.0,0.002244897959183756,0.0
864,0.20849140632731833,0.0,0.0,0.000938775510204104,0.0
865,0.21347276745950583,0.0,0.0,0.0,0.0
866,0.14432751624715467,0.0,0.0,0.000938775510204104,0.0
867,0.2108666248804143,0.0,0.0,0.0016326530612245649,0.0
868,0.18770824398772812,0.0,0.0625,0.006000000000000061,0.0
869,0.19034737571339033,0.0,0.0,0.0,0.0
870,0.11018374954639931,0.012232415902140525,0.0625,0.008938775510204111,0.02372607171744412
871,0.0,0.012232415902140525,0.0,0.0013877551020408108,0.01186303585872206
872,0.3183782535545805,0.0,0.0,0.0004489795918367623,0.0
